rank,uri,artist_names,track_name,source,peak_rank,previous_rank,weeks_on_chart,streams
1,"spotify:track:46IZ0fSY2mpAiktS3KOqds","Adele","Easy On Me","Columbia",1,24,12,"1912633"
2,"spotify:track:4fouWK6XVHhzl78KzQ1UjL","GAYLE","abcdefu","Atlantic/Arthouse Records",2,29,8,"1720199"
3,"spotify:track:50nfwKoDiSYg8zOCREWAm5","Ed Sheeran","Shivers","Atlantic Records UK",1,30,17,"1663480"
4,"spotify:track:3rmo8F54jFF8OgYsqTxm5d","Ed Sheeran","Bad Habits","Atlantic Records UK",1,37,28,"1593078"
5,"spotify:track:02MWAaffLxlfxAUY7c5dvx","Glass Animals","Heat Waves","Polydor Records",5,39,64,"1571577"
6,"spotify:track:7rglLriMNBPAyuJOMGwi39","Elton John, Dua Lipa, PNAU","Cold Heart - PNAU Remix","EMI",2,38,21,"1533791"
7,"spotify:track:337kcYVjYXdLBItCw9ry3b","D-Block Europe, Central Cee","Overseas","D-Block Europe",7,36,7,"1491055"
8,"spotify:track:5PjdY0CKGZdEuoNab3yDmX","The Kid LAROI, Justin Bieber","STAY (with Justin Bieber)","Columbia",1,41,26,"1443400"
9,"spotify:track:5rF6YUIlgiat22OT1lWspJ","Sam Fender","Seventeen Going Under","Polydor Records",5,42,13,"1398951"
10,"spotify:track:52xJxFP6TqMuO4Yt0eOkMz","Carolina Gaitán - La Gaita, Mauro Castillo, Adassa, Rhenzy Feliz, Diane Guerrero, Stephanie Beatriz, Encanto - Cast","We Don't Talk About Bruno","Walt Disney Records",10,86,2,"1339947"
11,"spotify:track:1xIqDFx3KdByBnKMlTECcM","SwitchOTR, A1 x J1","Coming for You (feat. A1 x J1)","Robots & Humans",8,45,10,"1246663"
12,"spotify:track:4ZtFanR9U6ndgddUvNcjcG","Olivia Rodrigo","good 4 u","Olivia Rodrigo PS",1,58,34,"1213348"
13,"spotify:track:20on25jryn53hWghthWWW3","ACRAZE, Cherish","Do It To It","Thrive Music, LLC",13,55,10,"1202670"
14,"spotify:track:2BzAGK3lEZAQz5cU0Ae1wd","ArrDee","Flowers (Say My Name)","Universal-Island Records Ltd.",5,47,9,"1201152"
15,"spotify:track:5Z9KJZvQzH6PFmb8SNkxuk","Lil Nas X, Jack Harlow","INDUSTRY BABY (feat. Jack Harlow)","Columbia",4,61,24,"1127145"
16,"spotify:track:7au23Qf6zRs72N3RztqUQe","D-Block Europe, AJ Tracey","Make You Smile","D-Block Europe",16,48,7,"1123661"
17,"spotify:track:4hJhHbkhZFnxmWbAkZRoe0","Fireboy DML, Ed Sheeran","Peru","YBNL Nation / EMPIRE",17,50,2,"1117508"
18,"spotify:track:1r9xUipOqoNwggBpENDsvJ","Imagine Dragons, JID, Arcane, League of Legends","Enemy (with JID) - from the series Arcane League of Legends","KIDinaKORNER/Interscope Records",18,64,8,"1056807"
19,"spotify:track:4PYfFHKfjYz6dwAtZhBy1z","Central Cee","Obsessed With You","Central Cee",5,63,17,"1027835"
20,"spotify:track:6Uj1ctrBOjOas8xZXGqKk4","Doja Cat","Woman","Kemosabe Records/RCA Records",11,65,26,"1027554"
21,"spotify:track:003vvx7Niy0yvhvHt4a68B","The Killers","Mr. Brightside","Island Records",21,75,263,"1026568"
22,"spotify:track:2Xr1dTzJee307rmrkt8c0g","CKay","love nwantiti (ah ah ah)","Chocolate City Music",8,66,17,"967149"
23,"spotify:track:760jhRscwGbIIe1m1IIQpU","Jessica Darrow","Surface Pressure","Walt Disney Records",23,132,2,"944861"
24,"spotify:track:3DarAbFujv6eYNliUTyqtz","Doja Cat, SZA","Kiss Me More (feat. SZA)","Kemosabe Records/RCA Records",2,97,39,"887290"
25,"spotify:track:5krhFNgUcYHwXlNPJJYzFM","Ewan McVicar","Tell Me Something Good","Ministry of Sound Recordings",22,93,18,"849459"
26,"spotify:track:7AVyve7cFYTd51ha5i9kE2","Luude, Colin Hay","Down Under (feat. Colin Hay)","Sweat It Out",26,-1,1,"841969"
27,"spotify:track:4btFHqumCO31GksfuBLLv3","Ed Sheeran","Overpass Graffiti","Atlantic Records UK",5,76,10,"813289"
28,"spotify:track:0e8nrvls4Qqv5Rfa2UhqmO","Lil Nas X","THATS WHAT I WANT","Columbia",9,91,16,"767663"
29,"spotify:track:6I3mqTwhRpn34SLVafSH7G","Justin Bieber","Ghost","RBMG/Def Jam",29,95,15,"766258"
30,"spotify:track:6Dy1jexKYriXAVG6evyUTJ","Joel Corry, Jax Jones, Charli XCX, Saweetie","OUT OUT (feat. Charli XCX & Saweetie)","Atlantic Records UK",12,124,21,"746772"
31,"spotify:track:2zxEc1GCSCxbHIXTfhraRC","Dave, Stormzy","Clash (feat. Stormzy)","Neighbourhood",2,92,26,"746208"
32,"spotify:track:0VjIjW4GlUZAMYd2vXMi3b","The Weeknd","Blinding Lights","Republic Records",1,123,110,"744625"
33,"spotify:track:3uUuGVFu1V7jTQL60S1r8z","Lost Frequencies, Calum Scott","Where Are You Now","Epic Amsterdam",33,113,13,"736677"
34,"spotify:track:0W7brFokN6QtGRNp32RCQP","Arz","Alone With You","Capitol",25,87,21,"736472"
35,"spotify:track:2dWNKXTs5z7Iu1g0kYh4Xe","Becky Hill, Topic","My Heart Goes (La Di Da) (feat. Topic)","Polydor Records",15,102,19,"731468"
36,"spotify:track:3Kkjo3cT83cw09VJyrLNwX","Adele","Oh My God","Columbia",2,89,7,"728928"
37,"spotify:track:07MDkzWARZaLEdKxo6yArG","THE ANXIETY, WILLOW, Tyler Cole","Meet Me At Our Spot","MSFTSMusic / Roc Nation Records, LLC",13,100,19,"713059"
38,"spotify:track:5enxwA8aAbwZbf5qCHORXi","Taylor Swift","All Too Well (10 Minute Version) (Taylor's Version) (From The Vault)","Taylor Swift",2,99,8,"701488"
39,"spotify:track:1SC5rEoYDGUK4NfG82494W","Lil Nas X","MONTERO (Call Me By Your Name)","Columbia",1,111,41,"697724"
40,"spotify:track:5wANPM4fQCJwkGd4rN57mH","Olivia Rodrigo","drivers license","Olivia Rodrigo PS",1,110,52,"667209"
41,"spotify:track:46HNZY1i7O6jwTA7Slo2PI","Coldplay, BTS","My Universe","Parlophone UK",17,114,15,"666649"
42,"spotify:track:1JeLx7sGn3LzHLwCzd6swY","Central Cee, GRM Daily","Daily Duppy (feat. GRM Daily)","Central Cee",42,121,2,"652173"
43,"spotify:track:6v0UJD4a2FtleHeSYVX02A","Adele","I Drink Wine","Columbia",3,101,7,"646271"
44,"spotify:track:6feiJqgHqeSvkGUzf11AYs","Becky Hill, David Guetta","Remember (and David Guetta)","Polydor Records",6,149,29,"641931"
45,"spotify:track:3Vi5XqYrmQgOYBajMWSvCi","Doja Cat","Need to Know","Kemosabe Records/RCA Records",8,127,30,"628486"
46,"spotify:track:4cG7HUWYHBV6R6tHn1gxrl","Riton, Nightcrawlers, Mufasa & Hypeman, Dopamine","Friday (feat. Mufasa & Hypeman) - Dopamine Re-Edit","Ministry of Sound Recordings",3,-1,49,"625544"
47,"spotify:track:2QjOHCTQ1Jl3zawyYOpxh6","The Neighbourhood","Sweater Weather","Columbia",39,119,67,"617458"
48,"spotify:track:4XvcHTUfIlWfyJTRG0aqlo","Sleepy Hallow","2055","Winners Circle/RCA Records",21,103,25,"616847"
49,"spotify:track:5Ts1DYOuouQLgzTaisxWYh","Edison Lighthouse","Love Grows (Where My Rosemary Goes)","Crimson",49,-1,1,"615509"
50,"spotify:track:7zx1i0jGcFwMBurajgKlO7","Jonasu","Black Magic","3Beat",4,153,28,"610372"
51,"spotify:track:4b1yxSdlumA8N4fEk4UOZp","Stephanie Beatriz, Olga Merediz, Encanto - Cast","The Family Madrigal","Walt Disney Records",51,-1,1,"607555"
52,"spotify:track:4RVwu0g32PAqgUiJoXsdF8","Billie Eilish","Happier Than Ever","Darkroom/Interscope Records",4,122,23,"602097"
53,"spotify:track:5CZ40GBx1sQ9agT82CLQCT","Olivia Rodrigo","traitor","Olivia Rodrigo PS",6,131,33,"596027"
54,"spotify:track:5dXWFMwD7I7zXsInONVl0H","SZA","I Hate U","Top Dawg Entertainment/RCA Records",49,115,5,"588215"
55,"spotify:track:7sMBvZCSUl99bJLXZaLa0b","Bruno Mars, Anderson .Paak, Silk Sonic","Smokin Out The Window","Aftermath Entertainment/Atlantic",10,130,9,"581974"
56,"spotify:track:0YORgvqP1MotwCnDZzOwII","Joel Corry, Mabel","I Wish (feat. Mabel)","Atlantic Records UK",40,141,10,"575287"
57,"spotify:track:1SOClUWhOi8vHZYMz3GluK","Jaymes Young","Infinity","Atlantic Records",57,136,5,"569452"
58,"spotify:track:5nujrmhLynf4yMoMtj8AQF","Dua Lipa, DaBaby","Levitating (feat. DaBaby)","Warner Records",7,162,66,"563482"
59,"spotify:track:5K6Ssv4Z3zRvxt0P6EKUAP","Galantis, David Guetta, Little Mix","Heartbreak Anthem (with David Guetta & Little Mix)","Big Beat Records",7,169,33,"560210"
60,"spotify:track:48q0vSHcJdhK3IiXH8C5WJ","Arctic Monkeys","Why'd You Only Call Me When You're High?","Domino Recording Co",38,135,64,"550778"
61,"spotify:track:2tUBqZG2AbRi7Q0BIrVrEj","Whitney Houston","I Wanna Dance with Somebody (Who Loves Me)","Arista/Legacy",61,-1,132,"535862"
62,"spotify:track:6cx06DFPPHchuUAcTxznu9","Joel Corry, MNEK","Head & Heart (feat. MNEK)","Atlantic Records UK",1,176,79,"532863"
63,"spotify:track:0ofHAoxe9vBkTCp2UQIavz","Fleetwood Mac","Dreams - 2004 Remaster","Rhino/Warner Records",17,148,90,"527977"
64,"spotify:track:37y7iDayfwm3WXn5BiAoRk","Steve Lacy","Dark Red","Three Quarter",59,143,22,"521772"
65,"spotify:track:0RiRZpuVRbi7oqRdSMwhQY","Post Malone, Swae Lee","Sunflower - Spider-Man: Into the Spider-Verse","Republic Records",3,138,168,"518481"
66,"spotify:track:2qbkYhZy5gNl8HrK2XwddI","Tion Wayne, Russ Millions, ArrDee, E1 (3x3), ZT (3x3), Bugzy Malone, Buni, Fivio Foreign, Darkoo","Body (Remix) [feat. ArrDee, E1 (3x3), ZT (3x3), Bugzy Malone, Buni, Fivio Foreign & Darkoo]","Atlantic Records UK",1,152,37,"516677"
67,"spotify:track:3XoYqtiWHhsk59frZupImG","Diane Guerrero, Stephanie Beatriz","What Else Can I Do?","Walt Disney Records",67,-1,1,"516431"
68,"spotify:track:3rq5w4bQGigXOfdN30ATJt","Arctic Monkeys","Do I Wanna Know?","Domino Recording Co",52,145,199,"514681"
69,"spotify:track:7qEHsqek33rTcFNT9PFqLf","Lewis Capaldi","Someone You Loved","Vertigo Berlin",1,151,158,"510426"
70,"spotify:track:32pPek0KsHsMSSFogNu49f","Digga D, ArrDee","Wasted","CGM Records",9,137,21,"507860"
71,"spotify:track:37Nqx7iavZpotJSDXZWbJ3","Drake, Lil Baby","Girls Want Girls (with Lil Baby)","OVO",1,150,18,"506250"
72,"spotify:track:5S9Zs5g9lTWnLIboN1pdlU","Lauren Spencer-Smith","Fingers Crossed","Lauren Spencer-Smith PS/ Island",72,-1,1,"503369"
73,"spotify:track:00Blm7zeNqgYLPtW6zg8cj","Post Malone, The Weeknd","One Right Now (with The Weeknd)","Republic Records",19,166,9,"502512"
74,"spotify:track:3meWkWgDoEQ3gmwzryxlfs","D-Block Europe","No Competition","D-Block Europe",34,139,10,"499476"
75,"spotify:track:18vXApRmJSgQ6wG2ll9AOg","Polo G","RAPSTAR","Columbia",3,146,39,"497601"
76,"spotify:track:58BJ5oUPX5ST2pjCtOSMkk","Da Beatfreakz, Russ Millions, RAYE, wewantwraiths","Money Calling (feat. RAYE, Russ Millions & wewantwraiths)","Columbia",59,147,10,"491907"
77,"spotify:track:5qqabIl2vWzo9ApSC317sa","Oasis","Wonderwall - Remastered","Big Brother Recordings Ltd",61,155,258,"488753"
78,"spotify:track:55MIRLbZzpYSmMlRt9ZDWM","Andrew Garfield, Joshua Henry, Vanessa Hudgens, Robin de Jesus, Alexandra Shipp, MJ Rodriguez","30/90 (from ""tick, tick... BOOM!"" Soundtrack from the Netflix Film)","Masterworks",78,163,2,"486205"
79,"spotify:track:6f5ExP43esnvdKPddwKXJH","NEIKED, Mae Muller, Polo G","Better Days (NEIKED x Mae Muller x Polo G)","Capitol",38,181,11,"482091"
80,"spotify:track:7jtQIBanIiJOMS6RyCx6jZ","Tom Odell","Another Love","ITNO/Columbia",40,158,48,"480333"
81,"spotify:track:3Wrjm47oTz2sjIgck11l5e","Måneskin","Beggin'","RCA Records Label",4,167,31,"477813"
82,"spotify:track:58ge6dfP91o9oXMzq3XkIS","Arctic Monkeys","505","Domino/Warner Records",82,160,51,"475209"
83,"spotify:track:7yq4Qj7cqayVTp3FF9CWbm","Vance Joy","Riptide","Atlantic Records",58,170,216,"474906"
84,"spotify:track:18asYwWugKjjsihZ0YvRxO","Tiësto, Ava Max","The Motto","Atlantic Records",84,-1,5,"473958"
85,"spotify:track:37BZB0z9T8Xu7U3e65qxFy","The Weeknd, Ariana Grande","Save Your Tears (with Ariana Grande) (Remix)","Republic Records",14,-1,36,"472347"
86,"spotify:track:5erCwioOcRwP59NJUAtEK3","D-Block Europe, RAYE","Ferrari Horses","D-Block Europe",11,154,45,"468324"
87,"spotify:track:2gpWyfu7eZ01zzncHpxOtA","Swedish House Mafia, The Weeknd","Moth To A Flame (with The Weeknd)","Republic Records",13,-1,10,"466256"
88,"spotify:track:2vXKRlJBXyOcvZYTdNeckS","Gesaffelstein, The Weeknd","Lost in the Fire (feat. The Weeknd)","Columbia",10,186,19,"465243"
89,"spotify:track:48USW4aYqrylYWJmFPbC8A","Dermot Kennedy","Better Days","Riggins Recording",60,165,23,"459593"
90,"spotify:track:4SqWKzw0CbA05TGszDgMlc","The Walters","I Love You So","Warner Records",90,193,12,"457107"
91,"spotify:track:3enuE51ckAHePg9ZvohAZo","AJet2F, DC3, Hzino, Nerdz, BL@CKBOX, Various Artists","Lone Ranger","BL@CKBOX",91,-1,1,"450129"
92,"spotify:track:40iJIUlhi6renaREYGeIDS","Drake, Travis Scott","Fair Trade (with Travis Scott)","OVO",2,185,18,"449026"
93,"spotify:track:3z4CGd63tpUn9a6oQSG0CI","Dave, Burna Boy","Location (feat. Burna Boy)","Neighbourhood",9,177,148,"447317"
94,"spotify:track:6UelLqGlWMcVH1E5c4H7lY","Harry Styles","Watermelon Sugar","Columbia",4,-1,109,"447049"
95,"spotify:track:0MWiSBKm8Avs8iDIxcertp","Anne-Marie, Little Mix","Kiss My (Uh Oh)","Atlantic Records/Asylum",21,-1,20,"446062"
96,"spotify:track:14Bcv6siTBPw3TlP84dasC","KSI","Holiday","BMG Rights Management (US) LLC",2,175,28,"443920"
97,"spotify:track:3yfqSUWxFvZELEM4PmlwIR","Eminem","The Real Slim Shady","Interscope",97,192,42,"441659"
98,"spotify:track:3nOz1U41SZZ0N3fuUWr9nb","Emmy Meli","I AM WOMAN","Disruptor Records/Arista Records",98,-1,5,"441145"
99,"spotify:track:3AJwUDP919kvQ9QcozQPxg","Coldplay","Yellow","Parlophone UK",80,189,62,"438644"
100,"spotify:track:0aoUM0zcu0kCX7Cv7O939I","Ed Sheeran, Elton John","Merry Christmas","Atlantic Records UK",13,15,5,"436709"
101,"spotify:track:6HU7h9RYOaPRFeh0R3UeAr","Olivia Rodrigo","deja vu","Olivia Rodrigo PS",3,-1,37,"434872"
102,"spotify:track:3Fzlg5r1IjhLk2qRw667od","Toploader","Dancing in the Moonlight","Sony Soho Square",87,-1,144,"433900"
103,"spotify:track:6IAZHEBUIGJ6NJKxxOBIEr","Adele","Rolling in the Deep","XL Recordings",17,172,16,"433474"
104,"spotify:track:09gysnJpfQ3ublBmJDfcEC","Amaarae, Kali Uchis, Moliy","SAD GIRLZ LUV MONEY Remix (feat. Kali Uchis and Moliy)","0207 Def Jam",34,188,10,"433100"
105,"spotify:track:0UvCh63URrLFcPkKt99hHd","Oasis","Don't Look Back In Anger - Remastered","Big Brother Recordings Ltd",44,198,208,"426219"
106,"spotify:track:3PfIrDoz19wz7qK7tYeu62","Dua Lipa","Don't Start Now","Warner Records",2,-1,107,"421037"
107,"spotify:track:4pt5fDVTg5GhEvEtlz9dKk","Måneskin","I WANNA BE YOUR SLAVE","RCA Records Label",5,-1,31,"420882"
108,"spotify:track:2gQPv5jvVPqU2a9HhMNO1v","BoyWithUke","Toxic","Republic Records",91,182,10,"419765"
109,"spotify:track:7lQ8MOhq6IN2w8EYcFNSUk","Eminem","Without Me","Aftermath",109,-1,22,"419397"
110,"spotify:track:11iIikXxC6NP0Ma8vMD27x","Vundabar","Alien Blues","Gawk Records, under exclusive license to Amuseio AB",85,184,6,"414618"
111,"spotify:track:7EkWXAI1wn8Ii883ecd9xr","Surf Curse","Freaks","Surf Curse",60,-1,32,"412453"
112,"spotify:track:6FE2iI43OZnszFLuLtvvmg","MKTO","Classic","Columbia/M2V",75,-1,45,"411185"
113,"spotify:track:7kQUdVjev73xIuwu7W6YW9","SR","Welcome To Brixton","SR",113,171,26,"409788"
114,"spotify:track:5T8EDUDqKcs6OSOwEsfqG7","Queen","Don't Stop Me Now - Remastered 2011","Hollywood Records",73,-1,126,"408429"
115,"spotify:track:4vzJrkfHbCGaodPA5RY5BV","Central Cee","Loading","Central Cee",20,-1,52,"406567"
116,"spotify:track:68Dni7IE4VyPkTOH9mRWHr","J. Cole","No Role Modelz","Roc Nation Records LLC",95,200,58,"406093"
117,"spotify:track:3Iba59sFmGhQ4kbCY5L8AX","Tom Grennan","Little Bit of Love","Insanity Records",12,-1,41,"404532"
118,"spotify:track:3oRW9ZGPRbLRMneQ5lwflt","Stephanie Beatriz","Waiting On A Miracle","Walt Disney Records",118,-1,1,"404478"
119,"spotify:track:6eCmK3GQyFuTNWCJHsaF9d","Clean Bandit, Topic, Wes Nelson","Drive (feat. Wes Nelson)","Atlantic Records UK",47,-1,21,"404328"
120,"spotify:track:5lkpeJwmQKgY3bX2zChjxX","Adele","Someone Like You","XL Recordings",15,-1,27,"398447"
121,"spotify:track:4CUX44NA1CPEzd0ibMLQsL","Belters Only, Jazzy","Make Me Feel Good","Polydor Records",121,-1,1,"396699"
122,"spotify:track:3DQVgcqaP3iSMbaKsd57l5","Arctic Monkeys","I Bet You Look Good On The Dancefloor","Domino Recording Co",122,-1,4,"396676"
123,"spotify:track:6f3Slt0GbA2bPZlz0aIFXN","Tiësto","The Business","Atlantic Records",4,-1,54,"396056"
124,"spotify:track:0gucTLf7trAf37Ua1uAyAu","Nirvana","Smells Like Teen Spirit","Geffen",85,-1,51,"395335"
125,"spotify:track:1VLtjHwRWOVJiE5Py7JxoQ","Polo G","Martin & Gina","Columbia",45,-1,69,"394470"
126,"spotify:track:0siYMEsGrzzzlWLXK5zJfS","Joel Corry, RAYE, David Guetta","BED","Perfect Havoc / Asylum Records",4,-1,39,"394174"
127,"spotify:track:3dYD57lRAUcMHufyqn9GcI","Hozier","Take Me to Church","Columbia",84,-1,75,"389888"
128,"spotify:track:5e9TFTbltYBg2xThimr0rU","Fleetwood Mac","The Chain - 2004 Remaster","Rhino/Warner Records",74,-1,113,"383858"
129,"spotify:track:285pBltuF7vW8TeWk8hdRR","Juice WRLD","Lucid Dreams","Juice WRLD Mixtape / ISR P&D",6,-1,187,"382496"
130,"spotify:track:0hYFc3HSZHDaDzquLVRwBH","Jnr Choi, Sam Tompkins","TO THE MOON","Jnr Choi/Epic",130,-1,1,"382350"
131,"spotify:track:0W6I02J9xcqK8MtSeosEXb","Doja Cat","Get Into It (Yuh)","Kemosabe Records/RCA Records",42,-1,21,"382085"
132,"spotify:track:7pnQ23WgZca9jEfMts9qsR","A1 x J1","Latest Trends","EMI",4,-1,44,"380995"
133,"spotify:track:3jTWd38NseaNnSuIK2Ybsp","JBee","4am","'94 Sounds LLC / 10K Projects",133,-1,2,"380740"
134,"spotify:track:60ynsPSSKe6O3sfwRnIBRf","Doja Cat","Streets","Kemosabe Records/RCA Records",5,-1,36,"380670"
135,"spotify:track:0ntQJM78wzOLVeCUAW7Y45","Kings of Leon","Sex on Fire","RCA/Legacy",115,-1,43,"380246"
136,"spotify:track:4bHsxqR3GMrXTxEPLuK5ue","Journey","Don't Stop Believin'","Columbia",133,-1,130,"375952"
137,"spotify:track:6w8ZPYdnGajyfPddTWdthN","Adele","Can I Get It","Columbia",5,-1,6,"375404"
138,"spotify:track:4jPy3l0RUwlUI9T5XHBW2m","24kGoldn, iann dior","Mood (feat. iann dior)","Records/Columbia",1,-1,67,"375015"
139,"spotify:track:5FG7Tl93LdH117jEKYl3Cm","WizKid, Tems","Essence (feat. Tems)","Starboy/RCA Records",61,-1,22,"374133"
140,"spotify:track:0nrRP2bk19rLc0orkWPQk2","Avicii","Wake Me Up","Universal Music AB",16,-1,81,"373964"
141,"spotify:track:254bXAqt3zP6P50BdQvEsq","Fleetwood Mac","Everywhere - 2017 Remaster","Rhino/Warner Records",86,-1,158,"373655"
142,"spotify:track:7BHPGtpuuWWsvE7cCaMuEU","The Kooks","Naive","Virgin Records",68,-1,210,"372289"
143,"spotify:track:0pqnGHJpmpxLKifKRmU6WP","Imagine Dragons","Believer","Kid Ina Korner / Interscope",37,-1,221,"371266"
144,"spotify:track:4HcmKnUwCKsloslonqMzCN","Bru-C, Bou","Streetside","Crucast",108,-1,10,"371035"
145,"spotify:track:6mSzsSdu0CWIV70jEjWMhI","ArrDee","Oliver Twist","Universal-Island Records Ltd.",8,-1,30,"369898"
146,"spotify:track:2gam98EZKrF9XuOkU13ApN","Nelly Furtado, Timbaland","Promiscuous","Mosley / Geffen",93,-1,41,"369363"
147,"spotify:track:4kLLWz7srcuLKA7Et40PQR","Black Eyed Peas","I Gotta Feeling","Interscope",147,-1,1,"369221"
148,"spotify:track:2eAvDnpXP5W0cVtiI0PUxV","Ruth B.","Dandelions","Columbia",148,-1,1,"368859"
149,"spotify:track:3J8EOeKLTLXORtWPpOU5bE","Lil Tjay, 6LACK","Calling My Phone","Columbia",1,-1,41,"368735"
150,"spotify:track:2tpWsVSb9UEmDRxAl1zhX1","OneRepublic","Counting Stars","Mosley / Interscope",141,-1,34,"368623"
151,"spotify:track:3E7dfMvvCLUddWissuqMwr","Miley Cyrus","Party In The U.S.A.","Hollywood Records",151,-1,51,"367050"
152,"spotify:track:4kbj5MwxO1bq9wjT5g9HaA","WALK THE MOON","Shut Up and Dance","RCA Records Label",132,-1,54,"366949"
153,"spotify:track:2VxeLyX666F8uXCJ0dZF8B","Lady Gaga, Bradley Cooper","Shallow","A Star is Born OST",3,-1,161,"365999"
154,"spotify:track:6O5TrlFWTYvznd9fMC0VvU","Adele","When We Were Young","XL Recordings",10,-1,21,"365713"
155,"spotify:track:0k1WUmIRnG3xU6fvvDVfRG","Drake, Future, Young Thug","Way 2 Sexy (with Future & Young Thug)","OVO",5,-1,15,"363174"
156,"spotify:track:7IPKXYU2rTMnrLW5IZ7ZI5","Dave","Verdansk","Neighbourhood",5,-1,22,"362589"
157,"spotify:track:6Jzdxguk63s6CVVXHIrQ0x","FelixThe1st, Dréya Mac, Finch Fetti","Own Brand Freestyle","Capitol",96,-1,7,"362545"
158,"spotify:track:3gbBpTdY8lnQwqxNCcf795","Bastille","Pompeii","Virgin Records Ltd",90,-1,94,"362302"
159,"spotify:track:6LW3Z1GqbL78TIjfDyg4zp","Wilkinson, Becky Hill","Afterglow","EMI",38,-1,41,"361317"
160,"spotify:track:0lk5tzmaJWVAv5GBvpm3xu","Fireboy DML","Peru","YBNL Nation / EMPIRE",160,164,4,"360993"
161,"spotify:track:62ke5zFUJN6RvtXZgVH0F8","Paloma Faith","Only Love Can Hurt Like This","RCA Records Label",161,-1,1,"360884"
162,"spotify:track:6YrNd7sFarQAUflTPcTH0h","Sam Fender","Spit Of You","Polydor Records",53,-1,13,"360839"
163,"spotify:track:07GvNcU1WdyZJq3XxP0kZa","Fleetwood Mac","Go Your Own Way - 2004 Remaster","Rhino/Warner Records",88,-1,107,"360698"
164,"spotify:track:4iJyoBOLtHqaGxP12qzhQI","Justin Bieber, Daniel Caesar, Giveon","Peaches (feat. Daniel Caesar & Giveon)","RBMG/Def Jam",1,-1,37,"360230"
165,"spotify:track:1zi7xx7UVEFkmKfv06H8x0","Drake, WizKid, Kyla","One Dance","Cash Money Records/Young Money Ent./Universal Rec.",15,-1,144,"360139"
166,"spotify:track:6CltzquypraYIlWFp48m1O","Sam Fender","Hypersonic Missiles","Polydor Records",66,-1,16,"359579"
167,"spotify:track:2gMXnyrvIjhVBUZwvLZDMP","Lewis Capaldi","Before You Go","Vertigo Berlin",1,-1,108,"358907"
168,"spotify:track:22UDw8rSfLbUsaAGTXQ4Z8","Estelle, Kanye West","American Boy","Woah Dad!",168,-1,9,"358423"
169,"spotify:track:7e8utCy2JlSB8dRHKi49xM","Arctic Monkeys","Fluorescent Adolescent","Domino/Warner Records",82,-1,111,"356945"
170,"spotify:track:5ChkMS8OtdzJeqyybCc9R5","Michael Jackson","Billie Jean","Epic/Legacy",115,-1,8,"356710"
171,"spotify:track:5QO79kh1waicV47BqGRL3g","The Weeknd","Save Your Tears","Republic Records",7,-1,45,"355988"
172,"spotify:track:0k4d5YPDr1r7FX77VdqWez","Doja Cat, The Weeknd","You Right","Kemosabe Records/RCA Records",13,-1,19,"354251"
173,"spotify:track:1LPSkqVhWVRUkKE03YUkpB","Bruno Mars, Anderson .Paak, Silk Sonic","Leave The Door Open","Aftermath Entertainment/Atlantic",22,-1,32,"353240"
174,"spotify:track:5uCax9HTNlzGybIStD3vDh","James Arthur","Say You Won't Let Go","Columbia",5,-1,245,"351660"
175,"spotify:track:2KnLkZ3z7PO3kgVGHGqDpD","Shawn Mendes","It'll Be Okay","Shawn Mendes LP4-5 PS/ Island",175,-1,1,"350856"
176,"spotify:track:0rt63HYAAIzUZo5O2D0uA6","Ed Sheeran","Visiting Hours","Atlantic Records UK",12,-1,16,"350512"
177,"spotify:track:5E30LdtzQTGqRvNd7l6kG5","The Neighbourhood","Daddy Issues","Columbia",83,-1,34,"349713"
178,"spotify:track:7DFNE7NO0raLIUbgzY2rzm","Passenger","Let Her Go","Nettwerk Records",147,-1,60,"349199"
179,"spotify:track:62AuGbAkt8Ox2IrFFb8GKV","Neil Diamond","Sweet Caroline","Geffen",19,-1,10,"348393"
180,"spotify:track:1olCzMxaeiQKNO64ssWVGr","Rain Radio, DJ Craig Gorman","Talk About","Polydor Records",18,-1,22,"347128"
181,"spotify:track:6hlrui656yBRUb3qGkd5lH","Knucks","Los Pollos Hermanos","NODAYSOFF CC LIMITED",152,-1,8,"347032"
182,"spotify:track:1cA4wEmLkKlttS6N89LbJh","Juice WRLD, Justin Bieber","Wandered To LA (with Justin Bieber)","Grade A Productions/Interscope Records",60,-1,4,"346692"
183,"spotify:track:22skzmqfdWrjJylampe0kt","Macklemore & Ryan Lewis, Macklemore, Ryan Lewis, Ray Dalton","Can't Hold Us (feat. Ray Dalton)","Macklemore",98,-1,124,"345424"
184,"spotify:track:7qiZfU4dY1lWllzX7mPBI3","Ed Sheeran","Shape of You","Atlantic Records UK",1,-1,208,"345311"
185,"spotify:track:0nmW4fvqTwUDjlz13MNpJU","Nemzzz","Elevate","Independent",185,-1,1,"344023"
186,"spotify:track:27OeeYzk6klgBh83TSvGMA","The Kid LAROI","WITHOUT YOU","Columbia",2,-1,54,"343661"
187,"spotify:track:2kQ9udZ0v3H8PFSVmbY1Kq","D-Block Europe","Darling","D-Block Europe",70,-1,4,"343511"
188,"spotify:track:7G5VNGDnHt414PyL8rosns","D-Block Europe, Aitch","UFO","D-Block Europe",12,-1,30,"343295"
189,"spotify:track:2PpruBYCo4H7WOBJ7Q2EwM","Outkast","Hey Ya!","Arista",92,-1,8,"343070"
190,"spotify:track:3UmaczJpikHgJFyBTAJVoz","Eminem, Dido","Stan","Interscope",190,-1,1,"341978"
191,"spotify:track:2f0pn9DkEJwAzXApnFh5cr","BANNERS","Someone To You","Island Records",60,-1,68,"341703"
192,"spotify:track:0cqRj7pUJDkTCEsJkx8snD","Taylor Swift","Shake It Off","Big Machine Records, LLC",80,-1,11,"341054"
193,"spotify:track:5xoUgPXbMNUmoHU0Enwtwq","The Kooks","She Moves In Her Own Way","Virgin Records",107,-1,126,"339948"
194,"spotify:track:45bE4HXI0AwGZXfZtMp8JR","Tate McRae","you broke me first","RCA Records Label",8,-1,70,"339515"
195,"spotify:track:2zzLRQ78kKfPTx8FJQCdC2","Arctic Monkeys","When The Sun Goes Down","Domino Recording Co",150,-1,24,"337913"
196,"spotify:track:2WfaOiMkCvy7F5fcp2zZ8L","a-ha","Take on Me","Rhino",162,-1,10,"336351"
197,"spotify:track:6I9VzXrHxO9rA9A5euc8Ak","Britney Spears","Toxic","Jive",197,-1,1,"335925"
198,"spotify:track:7hxHWCCAIIxFLCzvDgnQHX","Internet Money, Gunna, Don Toliver, NAV","Lemonade (feat. Gunna, Don Toliver & NAV)","Internet Money Records/ TenThousand Projects",2,-1,64,"334594"
199,"spotify:track:0ct6r3EGTcMLPtrXHDvVjc","Avicii","The Nights","Universal Music AB",38,-1,10,"333649"
200,"spotify:track:4u7EnebtmKWzUH433cf5Qv","Queen","Bohemian Rhapsody - Remastered 2011","Hollywood Records",30,-1,121,"332972"
